{
  "personnage.identity": {
    "x": 19,
    "y": 14,
    "w": 715,
    "h": 200
  },
  "personnage.stats": {
    "x": 18,
    "y": 237,
    "w": 715,
    "h": 62
  },
  "p.class_icon": {
    "rot": 0.0,
    "visible": true,
    "x_rel": 0.36663980660757456,
    "y_rel": 0.4092827004219409,
    "w_rel": 0.16035455278001612,
    "h_rel": 0.20358649789029537
  },
  "p.name": {
    "rot": 0.0,
    "visible": true,
    "x_rel": 0.41659951651893634,
    "y_rel": 0.1518987341772152,
    "w_rel": 0.10556003223207092,
    "h_rel": 0.07278481012658228
  },
  "p.class": {
    "rot": 0.0,
    "visible": true,
    "x_rel": 0.2119258662369057,
    "y_rel": 0.45358649789029537,
    "w_rel": 0.10475423045930701,
    "h_rel": 0.10337552742616034
  },
  "p.level": {
    "rot": 0.0,
    "visible": true,
    "x_rel": 0.35213537469782435,
    "y_rel": 0.1518987341772152,
    "w_rel": 0.10153102336825141,
    "h_rel": 0.056962025316455694
  },
  "p.xpbar": {
    "rot": 0.0,
    "visible": true,
    "x_rel": 0.33843674456083805,
    "y_rel": 0.2510548523206751,
    "w_rel": 0.22240128928283642,
    "h_rel": 0.03375527426160337
  },
  "p.gender": {
    "rot": 0.0,
    "visible": true,
    "x_rel": 0.8815471394037067,
    "y_rel": 0.056962025316455694,
    "w_rel": 0.048348106365834004,
    "h_rel": 0.06434599156118144
  },
  "p.card_xph": {
    "rot": 0.0,
    "visible": true,
    "x_rel": 0.5366639806607575,
    "y_rel": 0.679324894514768,
    "w_rel": 0.12087026591458501,
    "h_rel": 0.06645569620253164
  },
  "p.card_time": {
    "rot": 0.0,
    "visible": true,
    "x_rel": 0.24335213537469783,
    "y_rel": 0.6814345991561181,
    "w_rel": 0.14101531023368252,
    "h_rel": 0.06540084388185655
  },
  "p.card_zone": {
    "rot": 0.0,
    "visible": true,
    "x_rel": 0.32473811442385175,
    "y_rel": 0.9251054852320675,
    "w_rel": 0.2771958098307816,
    "h_rel": 0.07278481012658228
  },
  "p.level_ring": {
    "rot": 0.0,
    "visible": true,
    "x_rel": 0.07091055600322321,
    "y_rel": 0.23839662447257384,
    "w_rel": 0.25382755842062854,
    "h_rel": 0.35337552742616035
  },
  "p.hp_bar": {
    "rot": 0.0,
    "visible": true,
    "x_rel": 0.35132957292506045,
    "y_rel": 0.770042194092827,
    "w_rel": 0.23207091055600323,
    "h_rel": 0.03164556962025317
  },
  "p.kamas_w": {
    "rot": 0.0,
    "visible": true,
    "x_rel": 0.10475423045930701,
    "y_rel": 0.6740506329113924,
    "w_rel": 0.08058017727639001,
    "h_rel": 0.11814345991561181
  },
  "p.combat_w": {
    "rot": 0.0,
    "visible": true,
    "x_rel": 0.370668815471394,
    "y_rel": 0.8227848101265823,
    "w_rel": 0.18130539887187752,
    "h_rel": 0.0770042194092827
  },
  "p.notes_w": {
    "rot": 0.0,
    "visible": true,
    "x_rel": 0.5922643029814666,
    "y_rel": 0.439873417721519,
    "w_rel": 0.08058017727639001,
    "h_rel": 0.14135021097046413
  },
  "p.card_combats": {
    "rot": 0.0,
    "visible": true,
    "x_rel": 0.6978243352135375,
    "y_rel": 0.8438818565400844,
    "w_rel": 0.18049959709911362,
    "h_rel": 0.14662447257383968
  },
  "p.server_tag": {
    "rot": 0.0,
    "visible": true,
    "x_rel": 0.011281224818694601,
    "y_rel": 0.9388185654008439,
    "w_rel": 0.29411764705882354,
    "h_rel": 0.06434599156118144
  }
}